I'd gone there with you.;Eu tinha ido lá com você.
I'd studied Spanish.;Eu tinha estudado espanhol.
I'd bought a new car.;Eu tinha comprado um carro novo.
I'd talk to her.;Eu falaria com ela.;= I would talk to her.
I'd talked to her.;Eu tinha falado com ela.= I had talked to her.
I'd write a book.;Eu escreveria um livro.= I would write a book.
I'd written a book.;Eu tinha escrito um livro. = I had written a book.
One of the most powerfull effects of marketing is to gain influence in the minds of potential customers.;Um dos mais poderosos efeitos do marketing é conquistar influência na mente de potenciais clientes.
The human being is productive by nature.;O ser humano é produitvo por natureza.
Work to learn: Money is consequence.;Trabalhe para aprender: dinheiro é consequência.
Incomplete tasks are broken deals with yourselfs.;Tarefas incompletas são acordos quebrados consigo mesmo.
Success depends on a conscious effort to change your own destiny.;O sucesso depende de um esforço consciente para mudar o próprio destino.
When investing, do not try to go against nature.;Ao investir, não tente ir contra a natureza.
The real change happens when you pay yourself every month.;A verdadeira mudança acontece quando você se paga todo mês.
The two most important days in your life are the day you are born an the day you find out why.;Os dias mais importantes na sua vida são o dia em que você nasce, e o dia em que você descobre o porquê.
Twenty years from now, you will be more disappointed by the things that you didn't do than by the ones you did do, so throw off the bowlines, sail away from safe harbos, catch the trade winds in your sails;Daqui a 20 anos, você se arrependerá mais pelo que não fez do que pelo que fez, por isso, tire as amarras, se afaste do seu porto seguro, pegue o rumo certo.
Explore, dream, discover.;Explore, sonhe, descubra.
I'm convinced that about half of what separates the successful entrepreneurs from the non-successful one is pure perseverance.;Estou convencido de que cerca da metade do que separa os empreendedores de sucesso dos não bem-sucedidos é pura perseverança.
Do not be embarrassed by your failures, learn from them and start again.;Não se sinta envergonhado por seus fracassos, aprenda com eles e comece de novo.
It does not matter who slowly you as long as you do not stop.;Não importa o quão devagar você vá, desde que você não pare.
It's hard to beat a person who never gives up.;É difícil bater uma pessoa que nunca desiste.
Fail often so you can succeed sooner.;Falhe logo para que você possa ter sucesso mais cedo.
Timing, perseverance, and ten years of trying will eventually make you look like an overnight success.;Tempo, perseverança e 10 anos de trabalho talvez te façam parecer um sucesso da noite para o dia.
You may be disappointed if you fail, but you are doomed if you don't try.;Você pode ficar desapontado se falhar, mas estará condenado se não tentar.
When you cease to dream you cease to live.;Quando você não deixa de sonhar, você deixa de viver.
Your most unhappy customers are you greates source of learning.;Seus clientes mais insatisfeitos são sua maior fonte de aprendizado.
Do not let college interfere with your studies.;Não deixe a faculdade atrapalhar seus estudos.
I do not have a problem if you aim loud and err, i have a problem if you aim low and hit.;Eu não tenho um problema se você mirar alto e errar, eu tenho um problema se você mirar baixo e acertar.
If you think that you can or you think that you can't, you're right.;Se você achar que consegue ou você achar que não consegue, você está certo.
The more you work, more luck will you have.;Quanto mais você trabalhar, mais sorte terá.
Hiring is the most important thing you do.;Contratar é a coisa mais importante que você faz.
Our greatest asset it the ability of enthusiasm who is around us.;O nosso maior ativo é a capaciddade de entusiasmar quem está à nossa volta.
I'd rather be paid for my results.;Eu prefiro ser remnureado pelos meus resultados.
Is not what happened, it's what happens next.;Não se trata do que aconteceu. Trata-se do que acontece em seguida.
It's not about ideas, it's about making ideas happen.;Não se trata de ideias, trata-se de fazer ideias acontecerem.
If you want to do it, do it now. If you don't, you're going to regret it.;Se você quer fazer algo, faça agora. Se não fizer, você se arrependerá.
I've missed more than 9.000 shots in my career. ;Eu perdi mais de 9000 arremessos na minha carreira.
I've lost almost 300 games, 26 times i've been trusted to take the game's winning shot and missed. ;Perdi aproximadamente 300 jogos, 26 vezes eu acreditei ter dado o arremesso vencedor do jogo e o perdi. 
I've failed over and over again in my live and that's why I succeed.;Eu falhei repetidamente na minha vida, e é por isso que eu obtive sucesso.
There's nothing wrong with staying small. ;Não há nada errado em manter-se pequeno. 
You can do big things with a small team.;Você pode fazer grandes coisas com um time pequeno.
Implementation is hard. ;Fazer acontecer é difícil.
Ideas are easy.;Ideias são fáceis. 
If you just work on stutff that you like and you're passionate about, you don't have to have a master plan with how thing will play out.;Se você trabalha com o que gosta e é apaixonado por isso, você não precisa se preocupar como as coisas vão acontecer.
The best time to plant a tree was 20 years ago. ;O melhor momento para plantar uma árvore era 20 anos atrás. 
The second best time is now.;O segundo melhor é agora.
The secret of successful hiring is this: look for the people who want change the world.;O segredo para uma contratação de sucesso é esse: procure por pessoas que queiram mudar o mundo.
You're not a risk taker, you should get the hell out of business.;Se você não corre riscos, você deve dar o fora dos negócios.
Watch, listen and learn. You can't know it all yourself. ;Observe, escute e aprenda. Você não consegue saber tudo sozinho. 
Anyone who thinks they do is destined for mediocrity.;Qualquer um que pense que consegue está destinado a mediocridade.
All progress takes place outside the comfort zone.;Todo progresso acontece fora da zona de conforto.
The only place where sucess comes before work is in the dictionary.;O único lugar em que o sucesso vem antes do trabalho é no dicionário.
Whenever you find yourself on the side of the majority, it is time to pause and reflect.;Sempre que você se encontrar do lado da maioria, é hora de parar e refletir.
You may have to fight a battle more than once to win it.;Você deve lutar mais de uma batalha para se tornar um vencedor.
Logic will get you from A to B. Imagination will take you everywhere.;A lógica pode levar de um ponto A a um ponto B. A imaginação pode te levar a qualquer lugar.
Dream as if you will live forever. Live as if you will die today.;Sonhe como se você fosse viver para sempre. Viva como se você fosse morrer hoje.
Your time is limited, so don't waste it living someone else's life.;Seu tempo é limitado. Por isso, não o desperdice vivendo a vida de outra pessoa.
We forge the chains we wear in life.;‘Somos nós que forjamos as correntes que usamos em nossas vidas.
You never regret being kind.;Você nunca se arrependerá de ser gentil.
One important key to success is self-confidence. An important key to self-confidence is preparation.;Uma importante chave para o sucesso é a auto-confiança. Uma importante chave para auto-confiança, é a preparação.
Nothing is less productive than to make more efficient what should not be done at all.;Nada é menos produtivo do que tornar eficiente algo que nem deveria ser feito.
To succeed is to fail repeatedly, but without losing enthusiasm.;Ter sucesso é falhar repetidamente, mas sem perder o entusiasmo.
I atribute my success to this – I never gave or took any excuse.;Eu atribuo o meu sucesso a isso: eu nunca dei ou tomei qualquer desculpa.
You can never cross the ocean until you have the courage to lose sight of the coast.;Você nunca poderá atravessar o oceano até que você tenha coragem de perder de vista a costa.
There is only one way to avoid criticism: do nothing, say nothing, and be nothing.;Há apenas uma maneira de evitar críticas: não faça nada, não diga nada, não seja nada.
Life begins at the end of your comfort zone.;A vida começa no fim da sua zona de conforto.
Speak less. Listen more.;Fale menos. Escute mais.
Let your heart be as wide as the world.;Deixe seu coração ser tão amplo quanto o mundo.
Kill the ego of hunger, feed the soul.;Mate o ego de fome, alimente a alma.
You'll have the view of the top of the mountain that you climb.;Você terá a vista da montanha que subir.
When you don't take any risks, you risk everything.;Quando você não arrisca nada, você arrisca tudo.
Are necessary too many years of work to succeed overnight.;São necessários muitos anos de trabalho para fazer sucesso do dia para a noite.
You should sit in meditation for twenty inutes everyday – unless you're too busy; then you should sit for an hour.;Você deve meditar por vinte minutos todos os dias – a menos que esteja muito ocupado, nesse caso, você deve meditar por uma hora.
To read good books is like talking with the best minds that have ever existed.;Ler bons livros é como poder conversar com as maiores mentes que já existiram.
You will be the same person in five years as you are today, except for the people you meet and the books you read.;Daqui a cinco anos você será a mesma pessoa que é hoje, exceto pelas pessoas que conhecer e pelos livros que ler.
Be the change you want to see in the world.;Seja a mudança que você quer ver no mundo.
If you set goals ridiculously high and it's a failure, you will fail above everyone else's success.;Se você traçar metas ridiculamente altas e falhar, seu fracasso será acima do sucesso de todos.
A sucessful man is one who can lay a firm foundation with the bricks others have thrown at him.;Um homem de sucesso é aquele que cria um alicerce com os tijolos que jogaram nele.
Succes is the sum of small efforts – repeated day in and day out.;O sucesso é a soma de pequenos esforços – repetidos dia após dia.
Have the courage to follow your heart and intuition. They somehow already know what you truly want to become. Everything else is secondary.;Tenha a coragem de seguir seu coração e sua intuição. Eles de alguma forma já sabem o que você realmente quer se tornar. O resto é secundário.
You do not learn to walk by following rules. You learn by doing and falling over.;Você não aprende a andar seguindo regras. Você aprende fazendo e caindo.
Fail seven times, stand up eight.;Falhe sete vezes. Levante-se oito.
Nothing can stop the man with the right mental atitude from achieving his goal nothing on earth can help the man with the wrong mental atitude.;Nada pode parar um homem com a atitude mental correta de alcançar seu objetivo E nada na terra pode ajudar o homem que tem a atitude mental errada.
Sucessful people have fear, sucessful people have doubts, and sucessful people have worries.;Pessoas bem-sucedidas tem medo, pessoas bem-sucedidas têm dúvidas, e pessoas bem-sucedidas tem preocupações.
They just don't let these feelings stop them.;Elas só não deixam esses sentimentos dominarem sua vida.
Be content to act, and leave the talking to others.;Fique contente em agir. Deixa a fala para os outros.
Don't be afraid to give up the good to go for the great.;Não tenha medo de desistir do bom para perseguir o ótimo.
Dreaming big and dreaming small gives the same work.;Sonhar grande e sonhar pequeno dá o mesmo trabalho.
Starting a company is like throwing yourself off the cliff and assembling an airplane on the way down.;Empreender é como se atirar do penhasco e construir um avião na queda.
The bottom of the pit can be a good foundation for building an empire.;O fundo do poço pode ser um bom alicerce para se construir um império.
Run after your own dreams, otherwise you will be hired to perfom someone else's.;Corra atrás dos seus próprios sonhos. Do contrário, você será contratado para realizar os de alguém.
Discipline, sooner or later, overpasses the talent.;A disciplina, cedo ou tarde,supera o talento.
Your wealth will grow as you growing.;A sua riqueza crescerá à medida que você crescer.
Lucky is what happens when preparation finds the opportunity.;Sorte é o que acontece quando a preparação se encontra com a oportunidade.
Create something that a hundred people love.;Crie algo que cem pessoas amem.
The only way to win is learning quicker than anyone.;O único jeito de ganhar é aprender mais rápido que qualquer um.
In your life, you will live to achieve your own goals and dreams, or will be used as one to achieve that of others.;Em sua vida, você viverá para alcançar seus próprios objetivos e sonhos, ou será usado como um recurso para alcançar os dos outros.
Remember that not getting what you want is sometimes a wonderful stroke of luck.;Lembre-se que não conseguir o que você quer é algumas vezes um lance de sorte.
People often say that motivation doesn't last. Well, neither does bathing – that's why we recommend it daily.;As pessoas costumam dizer que a motivação não dura. Bem, nem o banho – é por isso que recomendamos ele diariamente.
Either run the day or the day runs you.;Ou você corre do dia, ou durante o dia você corre.
You miss 100% of the shots you don't take.;Você perde 100% dos tiros que não dá.
Two roads diverged at a bifurcation, and i took the less traveled. An that made all the difference.;Duas estradas divergiam em uma bifurcação, e eu peguei a menos percorrida. E isso fez toda diferença.
Live is about making impact, not income.;A vida é sobre criar impacto, não uma renda.
If you can dream, you can achieve.;Se você pode sonhar, você pode conseguir.
The only way to do great work is to love what you do.;A única maneira de fazer um excelente trabalho é amar o que você faz.
Change your thoughts and you change your world.;Mude seus pensamentos e você muda seu mundo.
And in the end, it's not the years in your life that count. It's the life in your years.;E no final, não são os anos de sua vida que contam. É a vida em seus anos.
When everything seems to be going against you, remeber that the airplane takes off against the wind, not with it.;Quando tudo parece estar indo contra você, lembre-se que o avião decola contra o vento, não a favor dele.
The man who removes a mountain begins by carrying away small stones.;O Homem que remove montanhas sempre começa retirando pequenas pedras do caminho.
You can get what you want or you can just get old.;Você pode conseguir tudo o que quer ou simplesmente ficar velho.
Could you set the table, please?;Você poderia arrumar a mesa, por favor?
I'm hungry.;Estou com fome.
What day is it today?;Que dia é hoje?
I'm feeling sick today.;Eu estou me sentindo doente hoje.
I'm running a little late.;Eu estou um pouco atrasado.
What's for breakfast today?;O que tem para o café da manhã hoje?
I didn't sleep very well, I had a bad dream.;Eu não dormi muito bem, eu tive um pesadelo.
How was school today?;Como foi a escola hoje?
I don't know how to use it.;Eu não sei como usar isto.
Do you want to order something to eat?;Você quer pedir alguma coisa para comer?
Are you awake?;Você está acordado?
Do you want some water?;Você quer um pouco de água?
I ate already.;Eu já comi
Would you like to come over and play some videogame?;Você quer vir aqui e jogar um pouco de videogame?
I have to go to the supermarket.;Eu tenho que ir ao supermercado.
Do you want to watch a movie?;Você quer ver um filme?
Can you switch the light on?;Você pode ligar a luz?
It's too hot today!;Está muito quente hoje!
What would you like to do this evening?;O que você gostaria de fazer esta noite?
I don't understand.;Eu não entendo.
Good night. Sweet dreams.;Boa noite. Bons sonhos.
How was your day?;Como foi seu dia?
Be careful.;Cuidado
I'll be in my room.;Eu estarei no meu quarto.
Is there anything good on TV?;Tem alguma coisa boa na TV?
Are you up to anything this evening?;Vai fazer alguma coisa esta noite?
Let's eat out tonight!;Vamos comer for a hoje à noite!
What would you like for dinner?;O que você gostaria para o jantar?
I'm taking a shower and going to bed.;Eu vou tomar um banho e ir para a cama.
I have to wake up at 7.;Eu tenho que acordar às 7 horas.
I'm too tired.;Estou muito cansado(a).
I'm going to bed.;Eu vou para a cama.
Let me think about it.;Deixa-me pensar sobre isso.
Where is the nearest ATM?;Onde fica o caixa eletrônico mais próximo?
I'd like to cash this check.;Quero trocar este cheque.
I'd like to make a withdrawal.;Quero fazer um saque.
I'd like to make a deposit.;Quero fazer um depósito.
I'd like to transfer some money.;Quero fazer uma transferência.
I'd like to open a savings account.;Quero abrir uma poupança.
I'd like to open a current account.;Quero abrir uma conta corrente.
I'd like to open a business account.;Quero abrir um conta empresarial.
I'd like to apply for a loan.;Quero fazer um empréstimo.
I'd like to cancel a check.;Quero sustar um cheque.
I need to cancel one of my accounts.;Preciso cancelar uma de minhas contas.
Can I access my account through the web?;Posso acessar minha conta pela internet?
My account's overdrawn.;Minha conta está com saldo negativo. | Minha conta está no vermelho.
How many days will it take for the check to clear?;Quantos dias vai levar para o cheque cair na conta?
What are the fees?;Quais são as taxas adicionais?
Can I have your bankcard, please?;O seu cartão, por favor?
Can I have your ID, please?;Sua identidade, por favor?
How would you like the money?;Como o/a senhor/a vai querer o dinheiro?
Good morning.;Bom dia.
What a nice day.;Que dia bonito.
What time is it?;Que horas são?
Are you awake?;Você está acordado?
What day is it today?;Que dia é hoje?
I'm feeling sick today.;Eu estou me sentindo doente hoje.
I'm running a little late.;Eu estou um pouco atrasado.
What's for breakfast today?;O que tem para o café da manhã hoje?
I didn't sleep very well, I had a bad dream.;Eu não dormi muito bem, eu tive um pesadelo.
How was school today?;Como foi a escola hoje?
I took an exam and did well.;Eu fiz uma prova e me saí bem.
Could you set the table, please?;Você poderia arrumar a mesa, por favor?
I'm hungry.;Estou com fome.
Is lunch ready?;O almoço está pronto?
Do you want some water?;Você quer um pouco de água?
Could you help me wash the dishes?;Você poderia me ajudar a lavar a louça?
It's too hot today!;Está muito quente hoje!
Would you like to come over and play some videogame?;Você quer vir aqui e jogar um pouco de videogame?
I have to go to the supermarket.;Eu tenho que ir ao supermercado.
Do you want to watch a movie?;Você quer ver um filme?
Can you switch the light on?;Você pode ligar a luz?
What would you like to do this evening?;O que você gostaria de fazer esta noite?
Have you fed the dog?;Você alimentou o cachorro?
How was your day?;Como foi seu dia?
I'll be in my room.;Eu estarei no meu quarto.
Is there anything good on TV?;Tem alguma coisa boa na TV?
Are you up to anything this evening? ;Vai fazer alguma coisa esta noite?
Do you want to order something to eat?;Você quer pedir alguma coisa para comer?
Let's eat out tonight!;Vamos comer for a hoje à noite!
What would you like for dinner?;O que você gostaria para o jantar?
I'm taking a shower and going to bed.;Eu vou tomar um banho e ir para a cama.
I have to wake up at 7.;Eu tenho que acordar às 7 horas.
I'm too tired.;Estou muito cansado(a).
I'm going to bed.;Eu vou para a cama.
Good night. Sweet dreams.;Boa noite. Bons sonhos.
I shall be late tomorrow.;Eu vou me atrasar amanhã.
A negativa do verbo é shall not, com a contração shan't.
I shan't go to Paris.;Eu não vou para Paris.
I will be late tomorrow.;Eu vou me atrasar amanhã.
I will spend my whole weekend watching TV.;Eu vou passar o final de semana todo assistindo TV.
I won't see her this week.;Eu não a verei essa semana.
I will not go to Paris.;Eu não vou para Paris.
There is a man there.;Há um homem lá.
There are a thousand men here.;Há mil homens aqui.
There was a fly in my soup yesterday.;Tinha uma mosca na minha sopa ontem.
There has not been any house there.;Não tinha nenhuma casa lá.
Will there be anothers opportunities?;Haverá outras oportunidades?
There is nothing here.;Não há nada aqui.
Was there something good yesterday? ;Tinha algo bom ontem?
There has not been anybody on the street.;Não tinha ninguém na rua.
There have been three black cars.;Tinham 3 carros pretos.
Is there any market around here?;Há algum mercado perto daqui?
There wouldn't be a reason.;Não haveria uma razão.
I don't know if there are reasons.;Eu não sei se há motivos.
What is there under the chair?;O que há embaixo da cadeira?
Would there be food?;Haveria comida?
I guess there is food.;Eu acho que tem comida.
There are pictures of mine in my mother's house.;Há fotos minhas na casa da minha mãe.
There isn't parking where I have parked my car.;Não há estacionamento onde eu estacionei o carro.
There have been bugs here.;Tinham insetos aqui.
There would be somebody.;Teria alguém.
Will there be water for everybody?;Haverá água para todo mundo?
Yes there will be.;Sim, haverá.
No, there won't be.;Não, não haverá.
There were not cats yesterday.;Não havia gatos ontem.
Were there many people last weekend?;Haviam muitas pessoas no final de semana passado?
Is there hope?;Há esperança?
There was a cop here two minutes ago.;Havia um policial aqui a dois minutos.
What is it? ;O que é isso?
Red or yellow. Which does she prefer?;Vermelho ou amarelo. Qual ela prefere?
Where will you go to?;Para onde você irá?
Where are you from?;De onde você é?
Where is he from?;De onde ele é?
When did you come?;Quando você veio?
Who do you work with?;Com quem você trabalha?
What are you speaking about?;Sobre o que você está falando?
Why are you so quiet?;Por que você está tão quieto?
Why have you done these things to me?;Por que você fez essas coisas comigo?
How would you answer that question?;Como você responderia essa pergunta?
How are you?;Como você está?
What are you like?;Como você é?
How is your family?;Como está a sua família?
How many people is there in the world?;Quantas pessoas há no mundo?
How much do you know about Brazil?;Quanto você conhece do Brasil?
How much money have you spent?;Quando dinheiro você gastou?
Whose dog is that?;De quem é aquele cachorro?
Why doesn't she come with us?;Por que ela não vem conosco?
Because she can't.;Porque ela não pode.
How many times has Brazil won the world cup?;Quantas vezes o Brasil venceu a copa do mundo?
Where is my wallet?;Onde está minha carteira?
Until when will you stay here?;Até quando você ficará aqui?
Until when are you gonna stay here?;Até quando você ficará aqui? Versão 2
Since when do you have a son?;Desde quando você tem um filho?
Who are you writing for?;Para quem você está escrevendo?
Who will you go with tomorrow?;Com quem você irá amanhã?
Who were you speaking about yesterday? ;Sobre quem você estava falando ontem?
How heavy is he ?;Quanto ele pesa?
How happy is your mother?;Quão feliz sua mãe está?
Who is she?;Quem é ela?
How hot is there?;Quão quente tá lá?
How much food do you eat?;Quanta comida você come?
How many countries will you visit?;Quantos países você visitará?
How much is it?;Quanto é?
How do you do?;Como você faz?
How do I meet you?;Como eu encontro você?
When has it started?;Quando isso começou?
Where are my earrings?;Onde estão meus brincos?
I have a friend whose your parents are traveling around the world.;Eu tenho um amigo cujo os pais estão viajando pelo mundo.
What do you think about my family?;O que você pensa sobre minha família?
What do you think about television?;O que você pensa sobre televisão?
When has it begun?;Quando isso iniciou?
I began to work last year.;Eu comecei a trabalhar ano passado.
She will begin to write   a new book.;Ela começará a escrever um novo livro.
Is the movie starting?;O filme está começando?
The movie has already started.;O filme já começou.
He starts to work at 7.;Ele começa a trabalhar a sete.
The old me played soccer.;Antigamente eu jogava futebol.
The players have played to win.;Os jogadores jogaram para vencer.
What instrument do you play? ;Que instrumento você toca?
Does she play?;Ela brinca?
I will continue the course tomorrow.;Eu continuarei o curso amanhã.
We shall continue the good job.;Nós devemos continuar o bom trabalho.
I must giving up of my dreams.;Eu devo parar de desistir dos meus sonhos.
When did you stop to smoking?;Quando você parou de fumar?;Esdutar regra envolvida.
She doesn't stop to crying.;Ela não para de chorar.
She keeps the car on the street, I have seen.;Ela mantém o carro na rua, eu vi.
I kept this in secret since I knew it.;Eu mantive isso em segredo desde que soube.
You have kept the window's house openned.;Você mantinha a janela de sua casa aberta.
How does the story end?;Como a história termina?
She always ends her dates.;Ela sempre termina seus namoros.
She has left from here.;Ela partiu daqui.
He leaves at five PM.;Ele sai as 5 p.m.
Does he leave the house at noon? ;Ele sai de casa ao meio dia?
I haven't left her behind.;Eu não deixei ela para trás.
I leave the job and  go to the college.;Eu saio do trabalho e vou para faculdade.
They have left with their friends.;Eles partiram com os amigos deles.
What did leave at the office yesterday?;O que ele deixou no escritório ontem?
We have left our country.;Nós deixamos nosso país.
I will never leave you.;Eu nunca deixarei você.
She leaves her daughter with her mother.;Ela deixa a filha com a mãe dela.
Do you let me go too? ;Você deixa eu ir também? 
I don't let you.;Eu não deixo você.
She lets me go.;Ela me deixa ir.
I don't let you date him. ;Eu não deixo você namorar ele.
She has lets her sister go to the party.;Ela deixou a irmã dela ir a festa.
I let my dog sleep inside the house.;Eu deixo meu cachorro dormir dentro de casa.
We would not let her go.;Nós não deixariamos ela ir.
Do you let her open the window at night?;Vocês deixam ela abrir a janela a noite?
Tomorrow I will you let come.;Amanhã eu deixarei você vir.
Have you gone straight? ;Você foi reto?
I went yesterday through the door.;Eu fui ontem através da porta.
I will go tomorrow.;Eu irei amanhã.
I went yesterday to Campinas.;Eu fui ontem a Campinas.
He has gone to the restaurant.;Ele foi ao restaurante.
I will go by foot.;Eu irei a pé.
Did you go to the wedding last weekend?;Você foi ao casamento final de semana passado?
Where do you go on vacations?;Onde você vai nas férias?
Come here?;Vem aqui?
Has not she come?;Ela não veio?
Will you come to the class?;Você virá para aula?
Is she coming?;Ela está vindo?
She is not coming back.;Ela não está voltando.
Do you come by motorcycle? ;Você vem de moto?
She came by foot yesterday.;Ela veio a pé ontem.
He came reading yesterday.;Ele veio lendo ontem.
He comes from the moon.;Ele vem da lua.
She comes from a good family.;Ela vem de uma boa família.
Have you traveled to London?;Você viajou para Londres?
Have you ever traveled to London?;Você já viajou para Londres?
I want to travel this year.;Eu quero viajar este ano.
She has never traveled on her life.;Ela nunca viajou na vida dela.
They will travel tomorrow in the morning.;Eles viajaram amanhã de manhã.
I would like to travel to  Japan.;Eu gostaria de viajar para o Japão.
How do you prefer to travel: by plane or by train?;Como você prefere viajar de avião ou trem?
I traveled one hundred kilometers by bike last year.;Eu viajei 100 km de bicicleta ano passado.
He doesn't like to travel.;Ele não gosta de viajar.
I arrived early yesterday.;Eu cheguei mais cedo ontem.
She didn't arrive in home yet.;Ela não chegou em casa ainda.
What time will you arrive tomorrow?;Que horas você chegará amanhã?
I would like you arrive soon.;Eu gostaria que você chegasse cedo.
How will you arrive home?;Como você vai chegar em casa?
He arrives at midday every day.;Ele chega ao meio dia todos os dias.
You have never arrived late in your life.;Você nunca chegou atrasado na vida.
What time does she arrive at school? ;Que horas ela chega na escola?
I always arrive around seven.;Eu sempre chego por volta das sete.
He doesn't like to arrive late. ;Ele não gosta de chegar tarde.
Do you drive truck?;Você dirige caminhão? 
I don't drive at night.;Eu não dirijo a noite.
She drove to college yesterday.;Ela dirigiu para a faculdade ontem.
He drives very well.;Ele dirige muito bem.
Does she drive frequently?;Ela dirige frequentemente?
When do you prefer to drive, in the morning or at night?;Quando você preferi dirigir, de manhã ou a noite?
I would like to drive through Europe.;Eu gostaria de dirigir pela Europa.
He doesn't drive because he is afraid.;Ele não dirige, porque ele é medroso.
You will drive all the year with this car.;Você dirigirá o ano inteiro com esse carro.
I rarely ride by bike.;Eu raramente ando de bicicleta.
She doesn't ride a horse.;Ela não anda de cavalo.
Will you ride a motorcycle on the weekend? ;Você andará de moto no fim de semana? 
I have already ridden by horse.;Eu já andei de cavalo.
He loved to ride a bike on his vacations.;Ele amou andar de bicicleta nas férias.
Would you like to ride a horse around the farm?;Você gostaria de andar de cavalo pela fazenda?
She wishes to ride a motorcycle.;Ela deseja andar de moto.
I ride by bike because it is relaxing.;Eu ando de bicicleta por que é relaxante.
Do you try to ride a horse when you go to the countryside?;Você tenta andar a cavalo quando vai ao campo?
He rode by bike on his childhood.;Ele andou de bicicleta na infância.
She walks at the zoo every Saturday.;Ela caminha no zoológico todo sábado.
Does she like to walk at the park with you?;Ela gosta de caminhar no parque com você? 
I prefer to walk at night on well-lighted streets .;Eu prefero caminhar a noite em ruas bem iluminadas.
How many miles have you walked for?;Por quantas milhas você andou?
She doesn't like to walk in the morning.;Ela não gosta de andar de manhã.
Why does she never walk with us?;Por que ela nunca caminha conosto?
My father walks everyday since I was a child.;Meu pai caminha todos os dias desde que eu era criança.
Did you walk yesterday?;Você caminhou ontem?
I can't run without tennis.;Eu não posso correr sem tênis.
She runs with her mother.;Ela corre com a mãe dela.
What time do you usually run?;Quem horas você geralmente corre?
I ran for five miles to meet you.;Eu corri por cinco milhas para encontrar vocês.
How often do they run?;Com que frequência eles correm?
She has never needed to run for her life. ;Ela nunca precisou correr por sua vida.
Could I run with you?;Eu poderia correr com você?
She used to run after breakfast.;Ela costumava correr depois do cafê da manhã.
I was thinking in I run the marathon.;Eu estava pensando em correr a maratona.;Procurar e estudar regra.
Would we run together to lose weight?;Nós correríamos juntos para perder peso?
I don't park on the street.;Eu não estaciono na rua.
She has parked at the mall's parking.;Ela estacionou no estacionamento do shopping.
How much is paring here?;Quanto custa estacionar aqui?
She likes to skate at the park.;Ela gosta de patinar no parque.
I skated when I was a child.;Eu patinava quando criança.
Do you skate professionally?;Você patina profissionalmente?
I waited a thousand years.;Eu esperei mil anos.
I have waited my son to arriving.;Eu esperei meu filho chegar.
She waits my father for three hours.;Ela espera meu pai por 3 horas.
She has waited to cool.;Ela esperou esfriar.
Could you wait for me? ;Você poderia me esperar?
He waited for his love for two years.;Ele esperou pelo seu amor por dois anos.
How long will I need to wait? ;Quanto tempo eu precisarei esperar?
I have chosen to wait.;Eu escolhi esperar.
I hope to win the lottery.;Eu espero ganhar na loteria.
He hopes having a beautiful wife.;Ele espera ter uma linda esposa.;Estudar regra.Ver se é present continuons
I hope so.;Eu espero que sim.
I don't hope so.;Eu espero que não.
I will hope.;Eu esperarei com esperança.
I'm going to hope.;Eu esperarei com esperança.
I hope you forgive me.;Eu espero que você me perdoe.
She hopes to get a scholarship.;Ela espera conseguir uma bolsa de estudos.
Do you hope Brazil get better?;Você espera que o Brasil melhore?
He hoped to be loved for her until the end.;Ele esperou ser amado por ela até o fim.
I expect to go to Salvador./ I can't wait to go to Salvador.;Eu mal posso esperar para ir a Salvador.
I have expect gnawing my nails.;Eu esperei roendo a unha.
I expect that doesn't rain.;Eu espero que não chova.
How tall do you expect to be? ;Quão alto você espera ser?
I am expecting a baby.;Eu estou esperando um bebê.
Do you expect to finish the book this year? ;Você espera terminar o livro esse ano?
He expects his vacations.;Ele espera a suas férias.
I expect to read many books until the end of the semester;Eu espero ler muitos livros até o fim do semestre.
Let me help you./ Let me aid you.;Deixa-me ajudar você.
Would you help me? /Would you aid me? ;Você me ajudaria?
She will aid me tomorrow.;Ela me ajudará amanhã.
Does he aid your family?;Ele ajuda a sua família?
The straight-A student has helped me./The straight-A student has aided me;A CDF me ajudou.
I would help my friend.;Eu socorreria a minha amiga.
I have helped.;Eu socorri.
Who have you helped?;Quem você socorreu?
My physician has had to help me.;Meu médico teve que me socorrer.
I attended in 2000 year that course.;Eu cursei no ano 2000 aquele curso.
I have attended that course, do you remember? ;Eu cursei aquele curso, você lembra?
Are you attending?;Você está cursando?
How often do you study history?;Com que frequência você estuda história?
Did she study for the test? ;Ela estudou para a prova?
Study more.;Estude mais.
She doesn't teach my brother.;Ela não ensina meu irmão.
But I hope she will teach.;Mas eu espero que ela ensinará.
The teacher teaches.;O ensinador o ensina.
She doesn't learn.;Ela não aprende.
He has taught everything I have learnt.;Ele ensinou tudo que eu aprendi.
Learn to control your anger. ;Aprenda a controlar a sua raiva.
He has focused./ He has paid attention.;Ele prestou atenção.
Are you pay attention?/ Are you focusing? ;Você está prestando atenção?
I didn't focus yesterday.;Eu não prestei atenção ontem.
She focuses. ;Ela presta atenção!
Read your Bible daily.;Leia a bíblia diariamente.
You need to read Edmund Burke.;Você precisa ler Edmund Burke.
Does she already know to read? ;Ela já sabe ler?
I read earlier.;Eu li mais cedo.
I am gonna read later.;Eu lerei mais tarde.
Have you read that? ;Você leu aquilo?
Do you know reading and writing?;Você sabe ler e escrever?
Would she write to me? ;Ela escreveria para mim?
What do you write so much?;O que você escreve tanto?
Let's make hamburgers this evening.;Vamos fazer hamburgers está noite.
He has made five goals.;Ele fez 5 gols.
I have made a little party.;Eu fiz uma festinha.
Would you like to make a cup of tea? ;Você gostaria de fazer uma xícara de chá?
We made a two-years deal.;Nós fizemos um acordo de dois anos.
I won't make an exception for you.;Eu não farei uma exceção para você.
We need to have faith. ;Nós precisamos ter fé.
Does she need me? ;Ela precisa de mim?
Would I need you? ;Eu precisaria de você?
I need the car yesterday.;Eu precisei do carro ontem.
You don't need to screaming.;Você não precisa gritar.
You need to smile more.;Você precisa sorrir mais.
We need to have a talk.;Nós precisamos ter uma conversa.
What do you need to do?;O que você precisa fazer?
I won't need to wake up early.;Eu não precisarei acordar cedo.
He needs to play with his son.;Ele precisa brincar com o filho dele.
She doesn't try talking to me.;Ela não tenta falar comigo.
Have you tried to make? ;Você tentou fazer?
She tries talking to me.;Ela tenta conversar comigo.
Has she tried to send me the e-mail?;Ela tentou me enviar um e-mail?
I try to be happy.;Eu tento ser feliz.
I would like to try again.;Eu gostaria de tentar de novo.
Hes didn't try to walk last Saturday. ;Ele não tentou caminhar no último sábado.
He has tried to scare the children.;Ele tentou assustar as crianças.
I tried to stop smoking last year.;Eu tentei parar de fumar ano passado.
I have wanted milk.;Eu quis leite.
Does she want water?;Ela quer água?
All I want is arriving home.;Tudo que eu quero é chegar em casa.
She hasn't been adorable like I have wanted.;Ela não foi adorável como eu queria.
Have you wanted to be famous? ;Você quis ser famoso?
I never wanted to hurt her.;Eu nunca quis magoar ela.;Estudar regra do porque não ser o passado sem tempo.
They want to watch that movie.;Eles querem assistir aquele filme.
What do you want to eat on Christmas?;O que você quer comer no natal?
I don't work.;Eu não trabalho.
I wouldn't work as professor.;Eu não trabalharia como professor.
I didn't work last year.;Eu não trabalhei ano passado.
She hasn't worked with my father.;Ela não trabalhava com o meu pai.
But she works.;Mas ela trabalha.
The company has bought steel.;A empresa comprou aço.
Have you bought the refrigerator? ;Você comprou a geladeira?
She would go out to buy a gift.;Ela sairia para comprar um presente.
He wants to buy evetything.;Ele quer comprar tudo.
I have sold three washing machines.;Eu vendi 3 máquinas de lavar.
The selfish guy sells fish.;O cara egoísta vendi peixe.
You haven't paid the bill.;Você não pagou a conta.
You will pay for that.;Você pagará por isso.
Would you pay for this price?;Você pagaria por esse preço?
If you pay, I will thank  ;Se você pagar eu agradecerei.
Have I paid? ;Eu paguei? 
He will deal;Ele negociará.
Does he deal for peace? ;Ele negocia pela paz? 
They have dealt to me.;Eles negociaram comigo.
Do you spend a lot? ;Você gasta muito?
She spends nonstop.;Ela gasta sem parar.
I don't spend time with this.;Eu não gasto tempo com isso.
Are you owing money?;Você está devendo dinheiro?
You owe me.;Você me deve.
How much have you owed? ;Quanto você devia?
He hasn't stopped billing my husband.;Ele não parou de cobrar meu marido.
Have you billed the customer? ;Você cobrou o cliente? 
She bills hardly my father.;Ela cobra duramente o meu pai.
I love you forever.;Eu amo você para sempre.
I loved her for all my life.;Eu amei ela por toda a vida.
I have loved that song.;Eu amava aquela música.
She wouldn't love this hit. ;Ela não amaria esse sucesso musical.
We love walking in the afternoon.;Nós amamos caminhar a tarde.
Has he loved the movie? ;Ele amou o filme?
Does he love the United States?;Ele ama os estados unidos?
We love the freedom.;Nós amamos a liberdade.
The easterns  have loved the westerns.;Os orientais amaram os ocidentais.
I love calling to you.;Eu amo ligar para você.
I don't like vegetables.;Eu não gosto de vegetais.
She didn't like greenery when she was ten. ;Ela não gostava de verduras aos 10 anos.
But now she likes.;Mas agora ela gosta.
She likes because she has tried.;Ela gosta porque ela experimentou.
They don't like eastern culture.;Eles não gostam da cultura oriental.
They like themselves.;Elas gostam delas.
He hates the United Kingdom.;Ele odeia o Reino Unido.
He hates mexican food.;Ele odeia comiga mexicana.
She has hated not having wisdon.;Ela odiava não ter sabedoria.
I hate when you delay. ;Eu odeio quando você se atrasa.
I will rejoice when you win.;Eu me alegrarei quando você vencer.
Would you rejoice with my visit?;Você se alegraria com a minha visita?
She has rejoiced me. ;Ela me alegrou.
There is a man there.;Há um homem lá.
There are thousand men here. ;Há mil homens aqui.
There was a fly in my soup yesterday.;Tinha uma mosca na minha sopa ontem.
There has not been any house there.;Não tinha nenhuma casa lá.
There is nothing here.;Não tem nada aqui.
Was there something good yesterday?;Havia algo bom ontem? 
There has not been no one on the street. ;Não tinha ninguém na rua.
There have been three black cars.;Tinham 3 carros pretos.
Would there be food? ;Haveria comida?
I guess there is food. ;Eu acho que tem comida.
There is not parking where I have parked my car.;Não há estacionamento onde eu estacionei o carro.
There has been a roach.;Tinha uma barata.
There would be somebody.;Teria alguém.
Will there be water for everybody? ;Haverá água para todo mundo? 
Yes, there will be.;Sim, haverá.
I shall go there.;Eu devo ir lá.
I shall travel to South Korea.;Eu devo viajar para a Coréia do Sul.
She shall be arrested.;Ela deve ser presa.
She shall work this Saturday.;Ela deve trabalhar esse sábado.
Shall we go?;Nós devemos ir?
You shall go away.;Você deve ir embora.
I shan't not know. (shall not);Eu não devo saber.
He shall bear this problem.;Ele deve suportar esse problema.
You shall improve your grades.;Vocês devem melhorar suas notas.
They shall begin to study soon.;Ele devem começar a estudar logo.
I should go.;Eu deveria ir.
She should be there.;Ela deveria estar lá.
You should thank me.;Você deveria me agradecer.
She should learn another language.;Ela deveria aprender outra lingua.
I should write a book.;Eu deveria escrever um livro.
It shouldn't stink like this.;Isso não deveria feder assim.
Shouldn't he pay the bills yesterday? ;Ele não deveria pagar as contas ontem?
I should sleep early.;Eu deveria dormir cedo.
He can come here.;Ele pode vir aqui.
I can't run.;Eu não posso correr.
Can you aid me soon?;Você pode me ajudar daqui a pouco?
Can you help us ? ;Você pode nós socorrer?
Can you cook today? ;Você pode cozinhar hoje?
What can happen to me? ;O que pode acontecer comigo?
Who can win the game? ;Quem pode vencer o jogo? 
I can tomorrow.;Eu conseguirei amanhã.
She can.;Ela consegue.
I can drive.;Eu posso dirigir.
He can't drive.;Ele não pode dirigir.
I could see fear in your eyes.;Eu podia ver medo em seus olhos.;Treinar melhor a regra envolvida.
Could you give me the sugar? ;Você poderia me dar o açucar?
He could be more polite.;Ele poderia ser mais educado.
Could she come here tomorrow? ;Ela poderia vir aqui amanhã?
I couldn't do anything.;Eu não poderia fazer nada.
When could you buy newspapers to me? ;Quando você poderia comprar jornais para mim?
What time could you go? ;Que horas você poderia ir?
They couldn't fail this time.;Eles não poderia falhar dessa vez.
Could you bring a glass of water for him, please?;Você poderia trazer um copo d'agua para ele, por favor?
We couldn't travel last year.;Nós não podemos viajar ano passado.
I heard the song yesterday.;Eu ouvi a música ontem.
She hears here.;Ela ouve aqui.
She doesn't hear here.;Ela não ouve aqui.
She hasn't heard.;Ela não ouvia.
I heard you hurted her heart yesterday.;Eu ouvi que você machucou o coração dela ontem.;Acho que aqui o professor errou, pois hurt é verbo irregular, e não deveria ser hurted.
I haven't listened nothing.;Eu não escutei nada.
When I see I don't listen.;Quando eu vejo eu não escuto.
He can't listen you.;Ele não pode escutar você.
Have you felt it? ;Você sentiu isso?
Actually, I feel good.;Na verdade, eu me sinto bem.
I have felt love.;Eu senti amor.
She doesn't feel.;Ela não sente.
I have been feeling.;Eu estava sentindo.
Do you eat with spoon? ;Vocês comem com colher?
She eats with fork and knife.;Ela come com garfo e faca.
Does your brother eat salad? ;Seu irmão come salada?
What do you eat? ;O que você come?
What have you eaten? ;O que você comeu?
He doesn't drink.;Ele não bebe.
She drinks.;Ela bebe.
Does she drink?  ;Ela bebe?
She hasn't drunk, I have drunk.;Ela não bebeu, eu bebi.
I didn't drink yesterday.;Eu não bebi ontem.
I drank yesterday.;Eu bebi ontem.
I saw one of your friends last night.;Eu vi um dos seus amigos noite passada.
She sees her daughter just at the night.;Ela vê sua filha somente a noite.
Did you see the psychobabble yesterday? ;Você viu a besteira ontem?
She saw the psychobabble yesterday.;Ela viu a besteira ontem.
I will see my father.;Eu verei meu pai.
Has she smelt your perfume? ;Ela cherou o seu perfume?
It doesn't smell good.;Isso não cheira bem.
I have smelt his breath, unhappily.;Eu cheirei o hálito dele infelizmente.
Does my hair smell good? ;O meu cabelo cheira bem? 
The girl smelt a rose yesterday.;A garota cherou uma rosa ontem.
My daughter has smiled to me.;Minha filha sorriu para mim.
That guy is charismatic and he smiles to everybody.;Aquele cara é carismático e sorri para todo mundo.
Why didn't you smile yesterday? ;Por que você não sorriu ontem?
I smile almost every time.;Eu sorrio quase toda hora.
Why are you laughing? ;Por que você está rindo? 
I am laughing at you.;Eu estou rindo de você.
I can't stop laughing.;Eu não consigo parar de rir.
She always laughs.;Ela sempre ri.
I laugh in the face of danger.;Eu rio na cara do perigo.
Whe did I cry? ;Quando eu chorei? 
He cries.;Ele chora.
Have you ever cried? ;Você jamais chorou?
He is breathing.;Ele está respirando.
I will breathe even without breath.;Eu respirarei mesmo sem fôlego.
Every fish breathes underwater.;Todo peixe respira dentro da água.
How many hours do you sleep per day? ;Quantas horas você dorme por dia?
I sleep seven hours.;Eu durmo 7 horas.
Yesterday I went to sleep at midnight.;Ontem eu fui dormir meia noite.
What time did you wake? ;Que horas você acordou? 
I woke very early at six in the morning.;Eu acordei bem cedo às seis da manhã.
I usually wake late on Sundays.;Eu geralmente acordo tarde aos domingos.
Where did she live last year?;Onde ela morou ano passado?
The following year I lived in São Paulo. ;O ano seguinte eu morei em Sâo Paulo.
Would you live in Alaska?;Você viveria no Alasca? 
I would die for my dear family.;Eu morreria por minha querida família.
Jesus died in my place.;Jesus morreu em meu lugar.
Jesus died to save a crowd of repentant of sinners;Jesus morreu para salvar uma multidão de pecadores arrependidos.
Would you do? ;Você realizaria?
Will you do? ;Você fará?
I did yesterday.;Eu fiz ontem.
Has he done?;Ele fez?
I wouldn't do.;Eu não faria.
He does.;Ele faz.
You do.;Você faz.
You don't do.;Você não faz.
He will do.;Ele fará.
Will he do?;Ele fará?
Do you do?;Você faz?
Would you do? ;Você faria?
Did you do yesterday? ;Você realizou ontem?
How do you do it? ;Como você faz isso?
I have done a great job.;Eu realizei um grande trabalho.
I usually do my homework after my dinner. ;Eu geralmente faço a minha lição depois do jantar.
They did their best last weekend.;Eles fizeram o seu melhor no último fim de semana.
Can you do me a favor? ;Você pode me fazer um favor?
He does everything for his mother.;Ele faz tudo pela mãe dele.
I have had.;Eu tive.
Does she have? ;Ela tem?
He has.;Ele tem.
She won't have.;Ela não terá.
I would have.;Eu teria.
Did she have yesterday? ;Ela tinha ontem?
He hasn't had.;Ele não tinha.
Have you had? ;Você teve?
Will you have time to study tomorrow? ;Você terá tempo para estudar amanhã? 
Did you have classes yesterday? ;Você teve aulas ontem? 
Will you have kids? ;Você terá filhos? 
She hasn't had good moments, I have had.;Ela não teve bons momentos, eu tive.
Let's have fun.;Deixe-nos ter diversão.
I had three little puppies in my childhood. ;Eu tive 3 cachorrinhos na infância.
I have a good neighborhood.;Eu tenho uma boa vizinhança.
You will have problems, but don't hate it.;Você terá problemas, mas não odei isso.
Do we have  chance? ;Nós temos uma chance?
This guy hasn't had so much luck.;Esse cara não teve muita sorte.
I will have cake and coke.;Eu terei bolo e coca.
I have need for speed.;Eu tenho necessidade de velocidade.
He has a breave heart.;Ele tem um coração valente.
Do you have courage to fight? ;Você tem coragem para lutar? 
I have had five cars.;Eu tinha cinco carros.
You have to have a job. ;Você tem que ter um emprego.
My living room has a nice atmosphere.;Minha sala tem um ambiente legal.
But the outside has a bad environment.;Mas do lado de fora tem um ambiente ruim.
I have had strength, have you had? ;Eu tinha força, você teve? 
Would you have told me? ;Você teria me contado?
She hasn't had luck.;Ela não teve sorte.
I get a bus to my job.;Eu pego ônibus para o trabalho.;com sacrifício (coringas= get or take)
I have taken a bus to the stadium.;Eu peguei um ônibus para o estádio.;sem sacrifício
He has got a car to drive in São Paulo.;Ele alugou um carro para dirigir em São Paulo.;com sacrifício
She took a car to drive in the town yesterday.;Ela alugou um carro para dirigir na cidadizinha ontem.;sem sacrifício
He will get North Pole in Winter.;Ele irá para o Pólo Norte no Inverno.;com sacrifício
We have taken a photo.;Nós tiramos uma foto.;sem sacrifício
She has got portuguese.;Ela aprendeu português.;com sacrifício
You will take english.;Você aprenderá inglês.;sem sacrifício
Have you got it?;Vocês entenderam?;com sacrifício
Have you taken it? ;Vocês entenderam?;sem sacrifício
I have got Chemistry.;Eu entendi química.;com sacrifício
I have taken the tickets.;Eu consegui os ingressos.;sem sacrifício
Where do you get your strength? ;Onde você consegue a sua força?;com sacrifício
Did you take the message yesterday?;Você captou a mensagem ontem?;sem sacrifício
How do you get these things? ;Com você adquiri essas coisas?;com sacrifício
Where do you take these things?;Onde você pega essas coisas?;sem sacrifício
She hasn't said Hi to me.;Ela não disse oi para mim.
I have said.;Eu disse.
She doesn't say Hello.;Ela não diz olá.
I say to you and she says to me.;Eu digo a você e ela diz para mim.
I told yesterday.;Eu contei ontem.
I will tell you the secret.;Eu contarei para você o segredo.
I have told, I will go.;Eu contei que eu irei.
Don't tell lies to me.;Não conte mentiras para mim.
I will speak to fifteen people.;Eu vou falar para 15 pessoas.
The guy just has spoken psychobabble.;O cara só falou bobeira.
I was speaking about this yesterday.;Eu estava falando disso ontem.
Did you talk to me yesterday?;Você conversou comigo ontem?
I talked to my physician this morning.;Eu conversei com o meu médico hoje de manhã.
I am gonna talk tomorrow for sure.;Eu conversarei amanhã com certeza.
I want to sing alone.;Eu quero cantar sozinho.
That singer sings super well.;Aquela cantora canta super bem.
Jonh sings every end of year.;João canta todo fim de ano.
I called to my parents yesterday.;Eu liguei para os meu pais ontem.
I have called to my father, haven't you called? ;Eu liguei para o meu pai, você não ligou?
She will call by names.;Ela chamará pelos nomes.
Do you understand what I mean ? ;Você entende o que eu quero dizer?
It means yes.;Isso quer dizer que sim.
What does it mean? ;O que isso quer dizer?
I know this pizza is yours.;Eu sei que essa pizza é sua.
I have known.;Eu soube.
I have known he hasn't drunk.;Eu soube que ele não bebeu.
She has known she hasn't had.;Ela sabia que ela não tinha.
He knew yesterday.;Ele soube ontem.
I didn't believe in you yesterday.;Eu não acreditei em você ontem.
Do you believe? ;Você acredita? 
She believes in my word.;Ela acredita na minha palavra.
I think so.;Eu penso que sim.
i don't think so.;Eu penso que não.
Is that all you can think? ;Isso é tudo que você pode pensar?
Did you think about my brother yesterday? ;Você pensou sobre o meu irmão ontem?
What do you guess about it? ;O que você acha disso?
I guess that I can.;Eu acho que eu consigo.
He guesses it is possible.;Ele acha que é possível.
I can't understand it.;Eu não consigo entender isso.
What part haven't you understood? ;Que parte você não entendeu? 
They never understand anything.;Eles nunca entendem nada.
Don't forget the unforgettable.;Não esqueça o inesquecível.
Never forget that.;Nunca esqueça isso.
I have gone there, do you remember? ;Eu fui lá, você lembra? 
She remembers.;Ela lembra.
Try to remember.;Tente lembrar.
I am going to (gonna) go;Eu irei.;use gonna
Are you going to (gonna) go? ;Você irá? ;use gonna
She is going to (gonna) be.;Ela estará.;use gonna
I am going to (gonna) say the truth.;Eu direi a verdade.;use gonna
I am not going to (gonna) tell nobody. ;Eu não contarei para ninguém.;use gonna
I am going to (gonna) be busy tomorrow.;Eu estarei ocupado amanhã.;use gonna
I am going to be (gonna) in Campinas.;Eu estarei em Campinas.;use gonna
He is not going to go (gonna) with me.;Ele não irá comigo.;use gonna
Are you going to (gonna) work tomorrow? ;Você trabalhará amanhã?;use gonna
She is going to (gonna) study.;Ela estudará.;use gonna
I am going to (gonna) tell you.;Eu contarei para você.;use gonna
Is she going to (gonna) forgive? ;Ela perdoará? ;use gonna
I am going to (gonna) remember.;Eu lembrarei.;use gonna
I am going to (gonna) attend accountancy.;Eu cursarei contabilidade.;use gonna
Is he going to go to his job? ;Ele irá para o trabalho dele? ;use gonna
Are you going to(gonna) go with me? ;Você irá comigo?;use gonna
She is going to (gonna) go together, don't you think? ;Ela quererar ir junto, você não acha?;use gonna
He isn't going to (gonna) answer the phone.;Ele não atenderá o telefone.;use gonna
I am going to (gonna) buy.;Eu comprarei.;use gonna
We aren't going to (gonna) forget.;Nós não esqueceremos.;use gonna
I am not going to (gonna) be here tomorrow.;Eu não estarei aqui amanhã.;use gonna
It's not going to (gonna) rain tomorrow.;Não choverá amanhã.;use gonna
I wouldn't thank for this.;Eu não agradeceria por isso.
Thank me for that.;Agradeça-me por isso.
Have you thanked him? ;Você agradeceu ele?
She hasn't thanked, but I have thanked.;Ela não agradeceu, mas eu agradeci.
He didn't thank last Saturday.;Ele não agradeceu sábado passado.
He thanked last night.;Ele agradeceu noite passada.
I will thank all day.;Eu agradecerei o dia todo.
He thanks every day.;Ele agradece todo dia.
Thank God.;Graças a Deus.
I give thanks to God for my repentances.;Eu dou graças a Deus pelos meus arrepemdimentos.
They have thanked for fraternity.;Eles agradeceram pela fraternidade.
I will appreciate you.;Eu agradecerei você 1000 %.;agradecer 1000 %
I appreciated him ten minutes ago.;Eu agradeci ele a 10 minutos atrás.;agradecer 1000 %
She has appreciated and she has gone away.;Ela agradeceu e foi embora.;agradecer 1000 %
Have you appreciated her? ;Você agradeceu ela?;agradecer 1000 %
We won't appreciate.;Nós não agradeceremos.;agradecer 1000 %
Would she appreciate you? ;Ela agradeceria você?;agradecer 1000 %
You haven't appreciated me.;Você não me agradeceu.;agradecer 1000 %
Would you please? ;Você agradaria?
Do you please?;Você agrada?
I please.;Eu agrado.
She pleases.;Ela agrada.
Have you pleased?;Você agradou?
Has she pleased?;Ela agradou?
She has pleased.;Ela agradou.
This movie doesn't please.;Esse filme não agrada.
Please me if you forgive me.;Me agrada se você me perdoar.
I would please my wife with gifts.;Eu agradaria a minha esposa com presentes.
Have you pleased the boss?;Você agradou o chefe?
Excuse me.;Desculpe-me.
Ignorance of the law doesn't excuse anybody.;A ignorância da lei não desculpa ninguém.
My daughter won't apologize him.;Minha filha não desculpará ele.
My friend apologized me yesterday.;Meu amigo me desculpou ontem.
He doesn't apologize.;Ele não descupa.
I apologize you.;Eu desculpo você.
She has apologized me.;Ela me desculpou.
Has he apologized you?;Ele desculpou você?
I have apologized because she has been sorry.;Eu desculpei por que ela estava sentida.
I have been sorry and I have apologized him.;Eu estava com pena e desculpei ele.
My apologizies. I am sorry for that.;Desculpa. Eu estou sentido por aquilo.
I want to (wanna) apologize my friend.;Eu quero desculpar meu amigo.
I apologize your fault.;Eu desculpo sua culpa.
I forgive you for that.;Eu perdoo você por isso.
She forgives seventy times seven.;Ela perdoa 70 vezes 7.
You have forgiven.;Você perdoou.
It sounds interesting.;Isso soa interessante.
It hasn't sounded well.;Isso não soou bem.
It doesn't sound bad.;Isso não soa mal.
I look like you.;Eu pareço você.;de aparência
I seem you.;Eu pareço você.;de temperamento
She looks like her mother.;Ela parece a mãe dela.;de aparência
She seems her mother.;Ela parece a mãe dela.;de temperamento
You looked like your father when you were a baby.;Você parecia o seu pai quando você era bebê.;de aparência
He seems fearful.;Ele parece medroso.;de temperamento
Do you look like more your father or your mother? ;Você parece mais o seu pai ou a sua mãe?;de aparência
They seem boring.;Eles parecem chatos.;de temperamento
Does he look like me or look like you? ;Ele parece comigo ou com você?;de aparência
Does he seem to be calm or hot-headed?;Ele parece ser calmo ou temperamental? ;de temperamento
She has been with my father.;Ela estava com o meu pai.
Has she been with my father?;Ela estava com o meu pai?
I have been here.;Eu estava aqui.
Were you here yesterday? ;Você estava aqui ontem?
He has been.;Ele estava.
Has she been wrong?;Ela estava errada?
What is wrong?;O que está errado?
She isn't wrong. I am.;Ela não está errada. Eu estou.
I would be there.;Eu estaria lá.
I have been in Rio de Janeiro.;Eu estive no Rio de Janeiro.
Are you there?;Você está aí?
The most have been understandable.;A maioria era entendível.
That isn't for them.;Isso não é para eles.
My hearth is literally tired;Meu coração está literalmente cansado.
He is hurting her heart.;Ele está machucando o coração dela.
I am not boring.;Eu não sou chato.
The old me was shy.;Antigamente eu era tímido.
The old you were proud.;Antigamente você era orgulhoso.
I am so proud of you.;Eu estou muito orgulhoso de você.
You should be more polite.;Você deveria ser mais educado.
He tries being.;Ela tenta ser.
They were children.;Eles eram crianças.
I was a messy child.;Eu fui uma criança bagunceira.
I am pretty good singing.;Eu sou muito bom em cantar.
The internet has been good.;A internet estava boa.
Is it raining?;Está chovendo?
She will be a good wife.;Ela será uma boa esposa.
We were little children.;Nós eramos pequenas crianças.
He has been right.;Ele estava certo.
Would you be in the office? ;Você estaria no escritório?
I have been in my bedroom.;Eu estive no meu quarto.
The type of car will be that.;O tipo de carro será aquele.
Is not she fine?;Ela não está bem?
I have been thanking her.;Eu estava agradecendo ela.
Why would I be knowing something?;Por que eu estaria sabendo de algo?
Is she your step-sister?;Ela é sua meia irmã?
I am talking to my mother.;Eu estou conversando com minha mãe.
My mother is cooking.;Minha mãe está cozinhando.
My brother-in-law is german.;Meu cunhado é alemão.
I have been working while you have worked.;Eu estava trabalhando enquanto você trabalhava.
The brazilians have been a different folk.;Os brasileiros eram um povo diferente.
What do you want to be?;O que você quer ser?
What were you doing there yesterday?;O que você estava fazendo lá ontem?
I was a fool.;Eu fui um tolo.;Não entendi por que é passado com o tempo, e não passado sem tempo. Deve trata-se de uma exceção que deve ser estudada melhor em sua devida seção, ou através da gramática.
Have I been?;Eu era?;Não entendi por que é passado sem o tempo, levando-se em consideração o exemplo anterior. Deve trata-se de uma exceção que deve ser estudada melhor em sua devida seção, ou através da gramática.
You are a selfish.;Você é um egoísta.
Is she sick ?;Ela está doente?
The room is pleasant.;O espaço é agradável.
Would they be? ;Eles seriam?
The book is over the desk.;O livro está sobre a mesa.
My travel has been unforgettable.;Minha viagem foi inesquecível.
I was fired.;Eu fui demitido.;Não entendi por que é passado com o tempo, e não passado sem tempo. Deve trata-se de uma exceção que deve ser estudada melhor em sua devida seção, ou através da gramática.
Everybody has been in the building.;Todo mundo estava no prédio.
The sick has been cheerful.;O doente estava cheio de alegria.
I am so stupid.;Eu sou muito burro.
I wasn't stupid in school.;Eu não era burro na escola.
I was stupid.;Eu era burro.
He has been watching.;Ele estava assitindo.
She hasn't been old. ;Ela não era velha.;Verificar se o professor respondeu minha dúvida.
She wasn't old in Two Thousand.;Ela não era velha no ano 2000.
He is the bad apple.;Ele é a ovelha negra.;Parafraseando
The winner is the same of the last year.;O vencedor é o mesmo do ano passado.
It is a pleasure to meet you.;É um prazer conhecer você.
Her book is with her.;O livro dela está com ela.
It isn't bullshit.;Isso não é mentira cabeluda.;Parafraseando
Who has been with you?;Quem estava com você?
Whose this key is? ;De quem é está chave?
Has she been a cheerleader? ;Ela era uma lider de torcida?
Are you knowing something?;Você está sabendo de alguma coisa?
Will your friend be in the movies tomorrow? ;Seu amigo estará no cinema amanhã?
Will you be mother? ;Você será mãe?
My grandma was my neighbor in nineties.;Minha vovó era minha vizinha nos anos noventa.
Money isn't everything.;Dinheiro não é tudo.
That is all folks!;Isso é tudo pessoal.
Nothing is impossible to him. ;Nada é impossível para ele.
You haven't been like him.;Você não era como ele.
She is like this since that time. ;Ela está assim desde aquela vez.
I have been on the bottom of the pool.;Eu estava no fundo da piscina.
The type isn't this exactly. ;O tipo não é esse exatamente.
But it has been.;Mas era.
This can be serious. ;Isso pode ser grave.
I was great yesterday.;Eu estive ótimo ontem.
Are you confortable in your job? ;Você está confortável em seu trabalho? 
The dog is arrested by its dog-collar.;O cachorro está preso pela coleira dele.
I am disappointed with myself.;Eu estou desapontado comigo mesmo.
I was being  stupid.;Eu estava sendo burro.
Would you work? 
Are you ready?
Did she know yesterday?;Ela soube ontem?
Have you gone there?;Você foi lá?
Where have you gone?;Onde você foi?
What do you fix?;O que você conserta?
Will you sing?
When will you sing?
Do you eat mexican food?
Was he yesterday?
How was he yesterday?
Has she been good?;Ela estava bem?
When will she help me?;Quando ela me ajudará?
Would I know?;Eu saberia?
What would I know?
Do you believe in the media?;Você acredita na mídia?
Does the media lie? ;A mídia mente?
Does she date?
When were you working?;Quando você estava trabalhando?
How beautiful is she?;Quão bonita ela é?
Has he been polite?;Ele foi educado?
Has he been polite to you?;Ele foi educado com você?
Has my brother been polite to you?;Meu irmão foi educado com você?
Did mey brother talk to you yesterday?;Meu irmão conversou com você ontem?
Would you say me?;Você me diria?
What would she say to me?;O que ela me diria?
Have you been?;Você estava?
Have you been cooking?
Did you try last Sunday?;Você tentou no domingo?
Has she wanted?;Ela queria?
What have you learnt?;O que você aprendeu?
Will you be?;Você estará?
Where are you?;Onde você está?
Have you bought gift?;Você comprou presente?
Where have you bought?;Onde você comprou?
Did it rain last night?;Choveu noite passada?
Is it raining?;Está chovendo?
Where do you hide?;Onde você esconde?
Why do you love me?;Por que você me ama?
Will you pay?;Você pagará?
Has he forgotten?;Ele esqueceu?
What have we forgotten?;O que nós esquecemos?
Does he pray?;Ele ora?
Where do you study?;Onde você estuda?
Where are you studying?;Onde você está estudando?
Would you work in the cemetery?;Você trabalharia no cemitério?
What book did you read last week?;Que livro você leu semana passada?
Who are you?;Quem é você?
Is she writer?;Ela é escritora?
Do you write? 
Does she drive? 
Do you drink? 
Do you pray? 
Do I hate? 
Does she sing? 
Do I agree? 
Does he fight? 
Do I remember? 
Do you want? 
Do you let? 
Does she hear? 
Do you listen?
Do you focus? 
Does it fly? 
Does she write? 
What does she write? 
Do you need? 
What do you need? 
Is he? 
Are you? 
What are you? 
Do you work? 
Where do you work? 
Does he spend? 
Does he spend money? 
Do you surf? 
Where do you surf? 
Do you know?
What do you know?
Do you know cooking? or Do you know to cook?
Do you want? 
Do you want drink? 
Did she dance yesterday?
Did he scream yesterday?
Did you count stars last saturday? 
Did you tell the story yesterday?
Did you speak yesterday?
Did you know to speak English last year? 
Did you say yesterday?
What did you say yesterday?
Did she talk yesterday? 
Did you walk last weekend? 
Did he fix yesterday? 
Did you love yesterday? 
Did you travel last year?
When did you travel? 
Did he grow? 
Did I forget? 
What did I forget? 
When did I lie? 
Were you yesterday? 
Were you happy yesterday? 
Was he yesterday? 
Was he sad yesterday? 
Why was he sad yesterday?
Did it happen?
Did you believe in politicians until last year? 
Did you eat yesterday? 
Did you read your Bible today? 
Did you check the documents? 
Was I sleeping now? 
Was I sleeping during the movie? 
Will you teach? 
Will you go? 
Will you come? 
Will you come back? 
Will you wake early tomorrow? 
Will he watch?
Will he wash the car? 
Will you remember? 
Will she find? 
Will you study economy? ;Or will you study contability? 
Will you travel next week? 
When will you go? 
Will you like? 
Will he clean? 
Will we play soccer?
Will you play guitar? 
Will she play with dolls? 
Will you be? 
Will you be working? 
Will you ask? 
When will you ask? 
Will he file?
Will the judge file?
Will you answer? 
Will you sell? 
Will you buy a new car? 
Will the beautiful girl try? 
Will I feel?
Will I feel pain? 
Will It fit? 
Would you like?
Would you paid?
Would you pay to watch that movie? 
Would she go? 
Would you date with me? 
Would you die? 
Would you die for me? 
Would you be? 
Would I be? 
Would he be crazy? 
Would you mess?
Would mess my life?
Where would you go? 
Would you build? 
Would I follow? 
Would they like? 
Would she hurt my heart? 
Would you live in Rio de Janeiro?
Would she live? 
Would you give me a gift? 
Would you forgive me? 
Would you like to install? 
Would you uninstall? 
Would we learn? 
Would you become? 
Would she hide? 
Would I cry for this? 
Would you thank? 
Would you say it again? 
Have you liked?
Has she loved?;Ela amou?
Have you forgiven?;Você perdou? 
Have you driven?
Have you given money?;Você deu o dinheiro?
Has he spoken?
Have you worked?;Você trabalhou?
Has he believed in you?;Ele acreditou em você?
Has she gone to the bank?;Ela foi ao banco?
Have you agreed?;Você concordou?
Why have you agreed?;Por que você concordou?
Has she sung?;Ela cantou?
How has she sung?;Como ela cantou?
Has Mr. John Piper written?
What has Mr. John Piper written?;O que o senhor John Piper escreveu?
Have you known?
Has the bird flown?
What have you felt?
Have you let?
Have you loved?
Have you drunk water?
Have you fixed?
Have you been?
Has she been fine?
Have you been working?
Have I woken boring?
Have you prayed?
Has he been polite?
Has he liked?
Has my dear friend liked?;Meu querido amigo gostou?
Has my love grown?
Have you wanted?;Você quis?
Have you said?;Você disse?
Have we lived?
Have they spent?;Eles gastaram?
Have I eaten?
Have you taught?
Have you tried?
I work;Eu trabalho
He works
She needs;Ela precisa
He is in home.;Ele está em casa
I love you.;Eu amo você.
I know you.;Eu conheço você.
You eat every time.;Você come toda hora.
I speak english.;Eu falo inglês.
I'm learning.;Eu estou aprendendo.
I aid you.;Eu ajudo você.
I thank you.;Eu agradeço você.
I apreeciate you.
You please me.;Você me agrada.
Enjoy me page.
Kill this fly. 
She judges me.
Move.;Mexa-se.
Eat;Comer.
Eat your food.;Coma a sua comida.
I laugh.;Eu rio.
I know what is happening.;Eu sei o que está acontencendo.
They celebrate with me.;Eles celebram comigo.
Jesus is the King of the kings and Lord of the lords.;Jesus é o reis dos reis e senhor dos senhores.
I mean;Eu quero dizer.
She means.
It means that Jesus is God.;Isso quer dizer que Jesus é Deus.
He begin.;Ele inicia.
I start the game again.;Eu começo o jogo novamente.
He wins.
I lose this figth.;Eu perco essa luta.
The winner is Rocky Balboa. ;O vencedor é Rocky Balboa
He is a loser.;Ele é um perdedor.
My father is writer.;Meu pai é escritor.
My father is writing a lot of articles.;Meu pai está escrevendo um monte de artigos.
Please forget that.;Por favor, esqueça aquilo.
I'm sorry.;Eu estou sentido.
I sleep.;Eu durmo.
I sleep in any place.;Eu durmo em qualquer lugar.
You are a sleeper.;Você é um dorminhoco.
It's raining.;Está chovendo.
It's possible.;É possível.
I lead.;Eu lidero.
He leads.
The leader leads.;O líder lidera.
He is leading.;Ele está liderando.
I ate yesterday.;Eu comi ontem.
He fixed yesterday.;Ele consertou ontem.
It happened;Isso aconteceu.
She was a shy child.;Ela foi uma criança tímida.
He killed the bug today.;Eu matei o inseto hoje.
Yesterday I went.;Ontem eu fui.
Yesterday I went where she was.;Ontem eu fui onde ela estava.
You were scholar when you were young.;Você era estudioso quando jovem.
I asked to you yesterday.
You answered politely.;Você respondeu educadamente.
I forgot to thank you.;Eu esqueci de agradecer você.
I needed to study more yesterday.;Eu precisei de estudar mais ontem.
I dreamed last night.
She called my wife.
He called to me.;Ele ligou para mim.
I will go.;Eu irei.
He will be.;Ele será 
She will be.;Ela estará.
She will dance.
You will agree.
I will find a way.
I will know.
She will trust.
Trust me and you will see.
I will explain
He will develop a project.
I will wait some minutes.;Eu esperarei por alguns minutos.
I will hope.;"Eu esperarei esperançosamente;"
I will expect for my baby.;Eu esperarei por meu bebê.
I will tell you.
You will need a help;Você precisará de uma ajuda.
You will pay for it.;Você pagará por isso.
I will fly to Europe.;Eu voarei a Europa.
I would run.;Eu correria
I would read.
I would use.
She would buy an island.
You would go.
You would go out.
We would show.
I would fall.
My mother would rest in my house.
He would eat an entire ox.;Ele poderia comer um boi inteiro.
She would be an adorable girlfriend.
He would be a strong adversary.
He would be with matters.;Ele estaria com problemas.
You would be with problems.;Você estaria com probleminha.
I would be with an issue.;Eu estaria com um problemão.
I would help you.;Eu socorreria você.
I would call to my mother.
She would believe me.
A virtuous miss would captivate a good man.;Uma moça virtuosa cativaria um bom homem.
I have driven.;Eu dirigi.
She has driven.
I have dated.
He has kept.
We have slept.;Nós dormimos
We have slept here.
You have said.;Você disse.
You have explained.;Você explicou.
You have explained quite well.;;muito com intensidade de 60 por cento.
You have explained so well.;;muito com intensidade de 70 por cento.
You have explained too well.;;muito com intensidade de 80 por cento.
You have explained pretty well.;;muito com intensidade de 90 por cento.
You have explained very well.;;muito com intensidade de 100 por cento.
You have led.
I have known.
It has happened.
He has remenbered.
She has come.
I have read about it.
I have sought.
I have fought.
I have taught.;Eu ensinei.
I have thought.;Eu pensei.
He has thought.;Ele pensou.
She has been.;Ela era.
She has been.;Ela estava.
I have been working.;Eu estava trabalhando.
I eat pizza with catchup;Eu como pizza com catchup
She speaks spanish.;Ela fala espanhol.
They are learning.
You would aid me.;Você me auxiliaria.
They have helped me.;Ele me socorreram.
Please buy one for me ;Por favor compra um para mim.
I will go where she is.;Eu irei onde ela está.
They jugde me.;Eles me julgam.
Run!;Corra! 
He heard my secret yesterday.;Ele ouviu meu segredo ontem.
She works.;Ela trabalha.
We work.
They need.
She means exactly this. ;Ela quer dizer exatamente isso.
You begin the game.;Você inicia o jogo.
I would win.;Eu venceria.
He loses all fights.;Ele perde todas as lutas.
She is at home.;Ela está em casa.
He loves you.;Ele ama você.
She knows you.;Ela conhece você. 
I thank you.;Eu agradeço você. 
She appreciates you.;Ela agredece você mil por cento.
You are losing.;Você está perdendo.
I was right yesterday.;Eu estava certo ontem.
You have known.;Você soube
I woke at 7 in the morning.;Eu acordei as 7 da manhã.
She slept until midday.;Ela dormiu até meio dia.
I would keep it.;Eu manteria isso.
I have thought.;Eu pensei.
I have thought wrong about you.;Eu pensei errado sobre você.
Tell me more about it.;Conte me mais sobre isso.
She loves drinking.;Ela ama beber.
She has wanted more.;Ela quis mais.
I would like to watch.;Eu gostaria de assistir.
You will grow.;Você crescerá.
I will surf there.;Eu surfarei lá.
I have been buying and selling.;Eu estive comprando e vendendo.
I will be.;Eu estarei.
I would be a great husband.;Eu seria um ótimo esposo.
You were awful yesterday.;Você estava horroroso ontem.
Say it again.;Diga isso de novo.
I go where she goes.;Eu vou onde ela vai.
We are inseparables.;Nós somos inseparáveis.
I will explain to you.;Eu explicarei para você.
I drove yesterday.;Eu dirigi ontem.
You pray every night.;Você ora toda noite.
We go to the Church every Sunday.;Nós vamos a igreja todo domingo.
I will trust in you.;Eu confiarei em você.
I wath Paul Washer on Youtube.;Eu assisto Paul no Youtube.
I do not smoke.
He does not smoke.
The law does not let.;A lei não permite.
The law does not let stealing.
I do not guess.;Eu não acho.
I do not guess.;Eu não advinho.
I am not.;Eu não estou.
I am not so bad.;Eu não estou tão mal.
She is not present.;Ela não está presente.
You do not stop speaking.;Você não para de falar
I do not blame you.;Eu não culpo você.
She does not want to stay here.;Ela não quer ficar aqui.
I do not drink.;Eu não bebo.
I do not drink because I am not strong enough.;Eu não bebo por que não sou forte o suficiente.
She does not look.;Ela não olha.
I do not look like you.;Eu não pareço você.(aparência)
I do not seem you.;Eu não pareço você.(temperamento)
My advocate does not fail.;Meu advogado não falha.;pode ser lawyer também.
Open the door.;Abra a porta.
Do not open the door.;Não abra a porta.
Do not scream.
Don't move.
Don't move.
Don't say that.
I did not finish yesterday.;Eu não finalizei ontem
Actually I did not finish yesterday.;Na realidade eu não finalizei ontem.
She did not marry yet.;Ela não casou ainda.
I did not dirty yesterday.;Eu não sujei ontem.
He did not delete that virus today.;Ele não deletou aquele virus hoje.
It did not belong to you before.;Isso não pertencia a você antes.
She did not break in that time.;Ela não brecou naquela hora.
I was not crossing the street.;Eu não estava atravessando a rua.
She did not break when I was crossing the street.;Ela não brecou quando eu estava atravessando a rua.
You did not regret yet;Você não se arrependeu ainda.;pode ser repent tamém.
I did not choose it.;Eu não escolhi isso.
He did not give.
He did not give back. ;Ele não devolveu.
I was not well yesterday.;Eu não estava bem ontem.
You were not a weel behaved child.;Você não foi uma criança bem comportada.
I did not forbid you to go yesterday.;Eu não proibi você de ir ontem.
She did not kiss me last Saturday.;Ela não me beijou sabado passado.
My son was not working yesterday.;Meu filho não estava trabalhando ontem.
You did not close the door yesterday.;Você não encostou a porta ontem.
You did not shut the door yesterday.;Você não fechou a porta ontem.
You did not lock the door yesterday.;Você não trancou a porta ontem.
I will not go.;Eu não irei.
I will not fish.
I will not fish nexts Sunday.
She will not stay.
You will not go out now.;Você não saira agora.
I will not delay.;Eu não demorarei.
I will not pull you up.;Eu não puxarei você para cima.
She will not push you down.;Ela não empurrará você abaixo.
He will not realize.;Ele não perceberá.
She will not see.;Ela não verá.
I will not respect.;Eu não respeitarei.
I will not respect  immoral laws.;Eu não respeitarei leis imorais.
You will not solve.;Você não resolverá.
You will not solve it alone.;Você não resolverá isso sozinho.
I will not repeat it again.;Eu não repetirei isso novamente.
I will not obligate you.;Eu não obrigarei você.
I will not obligate you to love me.
She will not disappoint.;Ela não desapontará.
You will not offend.;Você não ofederá.
He will not be;Ele não estará
He will not be stupid to you.;Ele não será estúpido com você.
My boss will not hire you.;Meu chefe não contratará você.
Our boss will not fire you.;Nosso chefe não demitirá você.
I would not think.;Eu não pensaria.
You would not save.
She would not burn the cake.
He would not seek.;Ele não procuraria.
He would not seach in the internet.;Ele não procuraria na internet.
I google ;Eu procuro na internet
She googles;Ela procura na internet.
I would not be here today.;Eu não estaria aqui hoje.
I  would not be what I am. ;Eu não seria o que sou.
She would not know.;Ela não saberia.
I would not begin like this.;Eu não iniciaria assim.
I would not start like that.;Eu não começaria assim.;pode ser like this or like that nesse caso.
I would not like to meeting you there.;Eu não gostaria de te encontrar lá.
He would not meet.
She would not enjoy it.;Ela não curtiria isso.
I would not die for it.;Eu não morreria por isso.
I would not kill for it too.;Eu não mataria por isso também.
You mother would not approve your attitude.;Sua mãe não aprovaria sua atitude.
It would not cost so expensive.;Isso não custaria tão caro.
It would not improve the situation.;Isso não melhoraria a situação.
She has not worked.
I have not slept.
You have not come.
You have not talked to me.;Você não conversou comigo.
The driver has not stopped.;O motorista não parou.
People have not liked the news.;A pessoas não gostaram das notícias.
I have not painted that wall.
She has not dyed the clothes.;Ela não tingiu a roupas.;clothes serve tanto para singular quanto plural, não existe clothe.
I has not picked your things.;Eu não peguei suas coisas.
I has not caught your things.;Eu não catei suas coisas.;coisas pode ser things ou stuff que são sinônimos em inglês. Sendo que thing existe singular e plural things, e stuff serve para os dois casos, e não existe stuffs.
I has not lent.;Eu não emprestei.
He has not borrowed.;Ele não pegou emprestado.
You have not spent everything.;Você não gastou tudo.
The phone has not rung.;O telefone não tocou.
She has not drunk.;Ela não bebeu.
The singer has not sung.;O cantor não cantou.
The swimmer has not swum.
It has not begun well.;Isso não iniciou bem.
I have not hidden.;Eu não escondi.
I have not been.;Eu não era.
I have not been.;Eu não estava.
It has not been.;Isso não estava.
It has not been working.;Isso não estava funcionando.
You haeve not frozen;Você não congelou.
The freezer has not been freezing.;O congelador não estava congelando.
I don't want;Eu não quero
He doesn't want;Ele não quer 
He won't go;Ele não irá 
She wouldn't be like this.;Ela não estaria assim
You haven't been;Você não estava
You haven't been saying the truth.;Você não estava dizendo a verdade.
You didn't see yesterday.;Você não viu ontem
She isn't waiting.;Ela não está esperando.
My son won't learn.;Meu filho não aprenderá
Actually, he doesn't need to learn theses things.;Na realidade ele não precisa aprender essas coisas.
I don't know what I want.;Eu não sei o que eu quero.
He won't agree.;Ele não concordará
She hasn't cried.;Ela não chorou.
It didn't fit inside the car yesterday.;Isso não coube dentro do carro ontem.
They don't understand economy.;Eles não entendem econômia.
My daughter hasn't been.;Minha filha não estava.
She didn't call me yesterday;Ela não me chamou ontem.
I wouldn't give.;Eu não daria.
She wouldn't forgive.;Ela não perdoaria.
She hasn't forgiven.;Ela não perduou.
You haven't chosen it.;Você não escolheu isso.
She doesn't look like her father.;Ela não parece o pai dela.
He doesn't seem his mother.;Ele não parece a mãe dele.
He didn't smoke last year.;Ele não fumava ano passado.
You weren't smoking yesterday.;Você não estava fumando ontem.
I wouldn't want to say that.;Eu não quereria dizer isso.
I haven't offended her.;Eu não ofendi ela.
I am not seeking him.;Eu não estou procurando ele.
He wouldn't know saying.;Ele não saberia dizer.
She wasn't focusing yesterday.;Ela não estava prestando a atenção ontem.
She won't hear.;Ela não ouvirá.
You haven't tried.;Você não tentou.
I wouldn't spend with this.;Eu não gastaria com isso.
They haven't spent.;Eles não gastaram.
It hasn't ended.;Isso não terminou.
It hasn't been my fault.;Não foi minha culpa.
The player doesn't play since April.;O jogador não joga desde abril.
She didn't marry yet.;Ela não casou ainda.
I wasn't so good last month.;Eu não era tão bom mês passado.
Sometimes I don't listen very well.;As vezes eu não escuto muito bem.
The driver didn't come today.;O motorista não veio hoje.
You aren't a true fighter.;Você não é um verdadeiro lutador.
He hasn't gone to the bank.;Ele não foi ao banco.
It hasn't been spoken.;Isso não foi falado.
She isn't loved.;Ela não é amada.
He isn't drunk.;Ele não está bebado.
You didn't fix the freezer yet.;Você não consertou o congelador ainda.
He hasn't been working.;Ele não estava funcionando.
Don't go without me.;Não vá sem mim.
Don't be like this.;Não seja assim.
I am gonna go.;Eu irei
Are you gonna go? ;Você irá?
She is gonna be? ;Ela estará.
I am gonna say the truth.;Eu direi a verdade.
I am not gonna tell to nobody.;Eu não contarei para ninguém.
I am gonna be busy tomorrow.;Eu estarei ocupado amanhã.
I am gonna be in Campinas.;Eu estarei em Campinas.
He is not gonna go with me.;Ele não irá comigo.
Are you gonna work tomorrow?;Você trabalhará amanhã?
She is gonna study.;Ela estudará.
I am gonna tell you.;Eu contarei para você.
Is she gonna forgive?;Ela perdoará?
I am gonna remember.;Eu lembrarei.
I am gonna attend accountancy.;Eu cursarei contabilidade.
Is he gonna to go to his job?;Ele irá para o trabalho dele?
Are you gonna go with me?;Você irá comigo?
She is gonna go together, don't you think?;Ela quererar ir comigo, você não acha?
He is not gonna answer the phone.;Ele não atenderá o telefone.
I am gonna buy.;Eu comprarei.
We are not gonna forget.;Nós não esqueceremos.
I am not gonna be here tomorrow.;Eu não estarei aqui amanhã.
It is not gonna rain tomorrow.;Não choverá amanhã.
He can come here.;Ele pode vir aqui.
I can't run.;Eu não posso correr.
Can you aid me soon?;Você pode me ajudar daqui a pouco?
Can you help us?;Você pode nós socorrer?
Can you cook today?;Você pode cozinhar hoje?
What can happen to me?;O que pode acontecer comigo?
Who can win the game?;Quem pode vencer o jogo?
I can tomorrow.;Eu conseguirei amanhã.
She can.;Ela consegue.
I can drive.;Eu posso dirigir.
He cannot drive.;Ele não pode dirigir.
I could see fear in your eyes.;Eu podia ver medo em seus olhos.
Could you give me the sugar?;Você poderia me dar o açucar?
He could be more polite.;Ele poderia ser mais educado.
Could she come here tomorrow?;Ela poderia vir aqui amanhã?
I couldn't do anything.;Eu não poderia fazer nada.
When could you buy newspapers to me?;Quando você poderia comprar jornais pra mim?
What time could you go?;Que horas você poderia ir?
They couldn't fail this time.;Eles não poderia falhar dessa vez.
Can you bring a glass of water for him please?;Você poderia trazer um copo d'agua para ele, por favor?
We couldn't travel last year.;Nós não podemos viajar ano passado.
I shall go there.;Eu devo ir lá.
I shall travel to South Korea.;Eu devo viajar para a Korea do Sul.
She shall be arrested.;Ela deve ser presa.
She shall work in this Saturday.;Ela deve trabalhar esse sábado.
Shall we go?;Nós devemos ir?
You shall go away.;Você deve ir embora.
I shan't know.;Eu não devo saber.
He shall bear this problem.;Ele deve suportar esse problema.
You shall improve your grades.;Vocês devem melhorar suas notas.
They shall begin to study soon.;Eles devem começar a estudar logo.
I should go.;Eu deveria ir.
She should be there.;Ela deveria estar lá.
You should thank me;Você deveria me agradecer.
She should learn another language.;Ela deveria aprender outra lingua.
I should write a book.;Eu deveria escrever um livro.
It shouldn't stink like this.;Isso não deveria feder assim.
Shouldn't he pay the bills yesterday?;Ele não deveria pagar as contas ontem?
I should sleep early.;Eu deveria dormir cedo.
I did yesterday.;Eu fiz ontem.
Has he done?;Ele fez?
I would not do;Eu não faria.
He does;Ele faz.
You do.;Você faz.
You do not do.;Você não faz.
He will do;Ele fará.
Will he do?;Ele fará?
Do you do?;Você faz?
Would you do?;Você faria?
Would you do?;Você realizaria?
Did you do yesterday?;Você realizou ontem?
How do you do it?;Como você faz isso?
I have done a great work.;Eu realizei um grande trabalho.
I usually do my homework after my dinner.;Eu geralmente faço minha lição depois do jantar.
They did their best last weekend.;Eles fizeram o seu melhor no último final de semana.
Can you do me a favor?;Você pode me fazer um favor?
He does everything for his mother.;Ele faz tudo pela mãe dele.
I have had.;Eu tive.
Does she have?;Ela tem?
He has.;Ele tem.
She won't have.;Ela não terá.
I would have.;Eu teria.
Did she have yesterday?;Ela tinha ontem?
He hasn't had.;Ele não tinha.
Have you had?;Você teve?
Will you have time to study tomorrow?;Você terá tempo para estudar amanhã?
Did you have classes yesterday?;Você teve aulas ontem?
Will you have kids?;Você terá filhos?
She hasn't had good moments, I have had;Ela não teve bons momentos, eu tive.
Let's have fun.;Deixe-nós ter diversão.
I had three puppies in my childhood.;Eu tive 3 cachorrinhos na infância.
I have a good neighborhood.;Eu tenho uma boa vizinhança.
You will have problems but don't hate it.;Você terá problemas, mas não odei isso.
Do we have a chance?;Nós temos uma chance?
This guy hasn't had so much luck.;Esse cara não teve muita sorte.
I will have cake and coke.;Eu terei bolo e coca.
I have need for speed.;Eu tenho necessidade de velocidade.
He has a brave heart.;Ele tem um coração valente.
Do you have courage to fight?;Você tem coragem para lutar?
I have had five cars.;Eu tinha 5 carros.
You have to have a job.;Você tem que ter um emprego.
My living room has a nice atmosphere.;Minha sala tem um ambiente legal.
But the outside has a bad environment.;Mas o lado de fora tem um ambiente ruim.
I have had strength have you had?;Eu tinha força, você teve?
Would you have told me?;Você teria me contado?
She hasn't had luck.;Ela não teve sorte.
I get a bus to my job.;Eu pego ônibus para o trabalho.;Com sacrifício
I have taken a bus to the stadium.;Eu peguei um onibus para o estádio.;Sem sacrifício
He has got a car to drive in São Paulo.;Ele alugou um carro para dirigir em São Paulo;Com sacrifício
She took a car to drive in the town yesterday.;Ela alugou um carro para dirigir na cidadezinha ontem.;Sem sacrifício
He will get North Pole in Winter.;Ele irá para o polo norte no inverno.;Com sacrifício
We have taken a photo.;Nós tiramos uma foto.;Sem sacrifício
She has got portuguese.;Ela aprendeu português.;Com sacrifício
You will take english.;Você aprenderá inglês.;Sem sacrifício
Have you got it?;Você entenderam?;Com sacrifício
Have you taken it?;Vocês entenderam?;Sem sacrifício
I have got chemistry.;Eu entendi química.;Com sacrifício
I have taken the tickets.;Eu consegui os ingressos .;Sem sacrifício
Where do you get your strangth?;Onde você consegue a sua força?;Com sacrifício
Did you take the message yesterday?;Você captou a mensagem ontem?;Sem sacrifício
How do you get these things?;Como você adquire essas coisas?;Com sacrifício
Where do you take these things?;Onde você pega essas coisas?;Sem sacrifício